[{
  "_id": {
    "$oid": "6470fa09dd2c5052ed2a63b8"
  },
  "name": "Apple Mac",
  "country": "USA"
},
{
  "_id": {
    "$oid": "6470fb9877445743b02e4c6c"
  },
  "name": "HP"
},
{
  "_id": {
    "$oid": "6470fb9877445743b02e4c6d"
  },
  "name": "DELL",
  "city": "London"
},
{
  "_id": {
    "$oid": "6470fb9877445743b02e4c6e"
  },
  "name": "ASUS"
},
{
  "_id": {
    "$oid": "6470fb9877445743b02e4c6f"
  },
  "name": "INTEL"
},
{
  "_id": {
    "$oid": "6470fb9877445743b02e4c70"
  },
  "name": "WALTON"
},
{
  "_id": {
    "$oid": "6470fb9877445743b02e4c71"
  },
  "name": "MICROSOFT"
},
{
  "_id": {
    "$oid": "6470fb9877445743b02e4c72"
  },
  "name": "GOOGLE"
},
{
  "_id": {
    "$oid": "64712519214d0bbe4c116cf5"
  },
  "name": "GOOGLE"
},
{
  "_id": {
    "$oid": "6472310088aeed5b42ec95d8"
  },
  "fname": "Rabbil"
},
{
  "_id": {
    "$oid": "64723112a79225581152d529"
  },
  "fname": "Rabbil"
},
{
  "_id": {
    "$oid": "64723112a79225581152d52a"
  },
  "fname": "Rabbil"
},
{
  "_id": {
    "$oid": "64723112a79225581152d52b"
  },
  "fname": "Rabbil"
},
{
  "_id": {
    "$oid": "64777992f1b5347a76b6daa9"
  },
  "city": "Dhaka"
},
{
  "_id": {
    "$oid": "647779dda75c665d51583acc"
  },
  "city": "A"
},
{
  "_id": {
    "$oid": "647779dda75c665d51583acd"
  },
  "post": "B"
},
{
  "_id": {
    "$oid": "647779dda75c665d51583ace"
  },
  "country": "C"
},
{
  "_id": {
    "$oid": "650c76ff89a255b8df9c195a"
  },
  "name": "Sakib Al Hasan"
},
{
  "_id": {
    "$oid": "650c773e0ae6c0230284edb2"
  },
  "name": "Sakib Al Hasan"
},
{
  "_id": {
    "$oid": "650c773e0ae6c0230284edb3"
  },
  "name": "Sakib Al Hasan"
},
{
  "_id": {
    "$oid": "650c773e0ae6c0230284edb4"
  },
  "name": "Sakib Al Hasan"
},
{
  "_id": {
    "$oid": "650c773e0ae6c0230284edb5"
  },
  "name": "Sakib Al Hasan"
},
{
  "_id": {
    "$oid": "650c773e0ae6c0230284edb6"
  },
  "name": "Sakib Al Hasan"
},
{
  "_id": {
    "$oid": "650c773e0ae6c0230284edb7"
  },
  "name": "Sakib Al Hasan"
}]